insert into users(name, username, password, enabled) values ("John", "email@dms.com", "pass", 1);
insert into users(name, username, password, enabled) values ("Mary", "email1@dms.com", "pass", 1);
insert into users(name, username, password, enabled) values ("Ann", "email2@dms.com", "pass", 1);
insert into users(name, username, password, enabled) values ("Adam", "email3@dms.com", "pass", 1);
insert into users(name, username, password, enabled) values ("Kevin", "email4@dms.com", "pass", 1);
insert into users(name, username, password, enabled) values ("James", "email5@dms.com", "pass", 1);
insert into users(name, username, password, enabled) values ("Mark", "email6@dms.com", "pass", 1);
insert into users(name, username, password, enabled) values ("Matt", "email7@dms.com", "pass", 1);
insert into users(name, username, password, enabled) values ("Patrick", "email8@dms.com", "pass", 1);
insert into users(name, username, password, enabled) values ("Tom", "email9@dms.com", "pass", 1);
insert into users(name, username, password, enabled) values ("Brian", "email10@dms.com", "pass", 1);
insert into users(name, username, password, enabled) values ("Nathan", "email11@dms.com", "pass", 1);
insert into users(name, username, password, enabled) values ("Arthur", "email12@dms.com", "pass", 1);
insert into users(name, username, password, enabled) values ("Will", "email13@dms.com", "pass", 1);

insert into documents(title) values("Summary");
insert into documents(title) values("Statement");
insert into documents(title) values("Statement II");
insert into documents(title, master_id) values("Statement III", 3);
insert into documents(title, master_id) values("Appendix", 2);
insert into documents(title, master_id) values("Safety Statement", 2);
insert into documents(title, master_id) values("Health and Safety", 1);

insert into sections(title, document_id, order_number, couch_db_section_id) values ("Section I", 3, 1, 3);
insert into sections(title, document_id, order_number, couch_db_section_id, previous_version_id) values ("Section II", 1, 2, 1, 1);
insert into sections(title, document_id, order_number, couch_db_section_id, previous_version_id) values ("Section III", 3, 2, 1, 2);
insert into sections(title, document_id, order_number, couch_db_section_id, previous_version_id) values ("Part I", 3, 2, 1, 3);
insert into sections(title, document_id, order_number, couch_db_section_id, previous_version_id) values ("Part II", 5, 2, 1, 4);
insert into sections(title, document_id, order_number, couch_db_section_id, previous_version_id) values ("Addendum", 3, 2, 1, 2);
insert into sections(title, document_id, order_number, couch_db_section_id, previous_version_id) values ("Index", 2, 2, 1, 4);
insert into sections(title, document_id, order_number, couch_db_section_id, previous_version_id) values ("Index I", 1, 2, 1, 2);
insert into sections(title, document_id, order_number, couch_db_section_id, previous_version_id) values ("Foreword", 1, 2, 1, 5);
insert into sections(title, document_id, order_number, couch_db_section_id, previous_version_id) values ("Foreword II", 7, 2, 1, 1);
insert into sections(title, document_id, order_number, couch_db_section_id, previous_version_id) values ("Part III", 7, 2, 1, 1);
insert into sections(title, document_id, order_number, couch_db_section_id, previous_version_id) values ("Section V", 2, 2, 1, 3);
insert into sections(title, document_id, order_number, couch_db_section_id, previous_version_id) values ("Part X", 1, 2, 1, 5);
insert into sections(title, document_id, order_number, couch_db_section_id, previous_version_id) values ("Chapter III", 4, 2, 1, 3);
insert into sections(title, document_id, order_number, couch_db_section_id, previous_version_id) values ("Chapter V", 5, 2, 1, 4);
insert into sections(title, document_id, order_number, couch_db_section_id, previous_version_id) values ("Section IX", 3, 2, 1, 2);
insert into sections(title, document_id, order_number, couch_db_section_id, previous_version_id) values ("Part XX", 2, 2, 1, 6);
insert into sections(title, document_id, order_number, couch_db_section_id, previous_version_id) values ("Part", 5, 2, 1, 3);
insert into sections(title, document_id, order_number, couch_db_section_id, previous_version_id) values ("Saction", 3, 2, 1, 6);
insert into sections(title, document_id, order_number, couch_db_section_id, previous_version_id) values ("Index", 6, 2, 1, 3);
insert into sections(title, document_id, order_number, couch_db_section_id, previous_version_id) values ("Part 4", 7, 2, 1, 4);
insert into sections(title, document_id, order_number, couch_db_section_id, previous_version_id) values ("Section 1", 7, 2, 1, 3);
insert into sections(title, document_id, order_number, couch_db_section_id, previous_version_id) values ("Chapter 8", 4, 2, 1, 2);
insert into sections(title, document_id, order_number, couch_db_section_id, previous_version_id) values ("Section 7", 2, 2, 1, 4);
insert into sections(title, document_id, order_number, couch_db_section_id, previous_version_id) values ("Section XXX", 1, 2, 1, 2);

insert into notifications(section_master_id, section_slave_id, details, is_read) values (2, 4, "Change", 0);
insert into notifications(section_master_id, section_slave_id, details, is_read) values (2, 7, "Change", 0);
insert into notifications(section_master_id, section_slave_id, details, is_read) values (1, 4, "Change", 0);
insert into notifications(section_master_id, section_slave_id, details, is_read) values (8, 2, "Change", 0);
insert into notifications(section_master_id, section_slave_id, details, is_read) values (4, 3, "Change", 0);
insert into notifications(section_master_id, section_slave_id, details, is_read) values (2, 4, "Change", 0);
insert into notifications(section_master_id, section_slave_id, details, is_read) values (4, 3, "Change", 0);
insert into notifications(section_master_id, section_slave_id, details, is_read) values (3, 6, "Change", 0);
insert into notifications(section_master_id, section_slave_id, details, is_read) values (2, 5, "Change", 0);
insert into notifications(section_master_id, section_slave_id, details, is_read) values (1, 3, "Change", 0);
insert into notifications(section_master_id, section_slave_id, details, is_read) values (8, 3, "Change", 0);
insert into notifications(section_master_id, section_slave_id, details, is_read) values (9, 2, "Change", 0);
insert into notifications(section_master_id, section_slave_id, details, is_read) values (3, 6, "Change", 0);
insert into notifications(section_master_id, section_slave_id, details, is_read) values (2, 4, "Change", 0);

insert into users_documents(document_id, user_id, permissions) values (6, 3, 2);
insert into users_documents(document_id, user_id, permissions) values (3, 4, 2);
insert into users_documents(document_id, user_id, permissions) values (5, 1, 4);
insert into users_documents(document_id, user_id, permissions) values (1, 4, 1);
insert into users_documents(document_id, user_id, permissions) values (4, 1, 4);
insert into users_documents(document_id, user_id, permissions) values (1, 3, 1);
insert into users_documents(document_id, user_id, permissions) values (3, 1, 5);
insert into users_documents(document_id, user_id, permissions) values (1, 7, 2);
insert into users_documents(document_id, user_id, permissions) values (7, 2, 6);
insert into users_documents(document_id, user_id, permissions) values (3, 6, 3);
insert into users_documents(document_id, user_id, permissions) values (5, 2, 8);
insert into users_documents(document_id, user_id, permissions) values (7, 4, 3);

insert into authorities(username, authority) values ("email@dms.com", "ROLE_USER");
insert into authorities(username, authority) values ("email1@dms.com", "ROLE_USER");
insert into authorities(username, authority) values ("email2@dms.com", "ROLE_USER");
insert into authorities(username, authority) values ("email3@dms.com", "ROLE_USER");
insert into authorities(username, authority) values ("email4@dms.com", "ROLE_USER");
insert into authorities(username, authority) values ("email5@dms.com", "ROLE_USER");
insert into authorities(username, authority) values ("email6@dms.com", "ROLE_USER");
insert into authorities(username, authority) values ("email7@dms.com", "ROLE_USER");
insert into authorities(username, authority) values ("email8@dms.com", "ROLE_USER");
insert into authorities(username, authority) values ("email9@dms.com", "ROLE_USER");
insert into authorities(username, authority) values ("email10@dms.com", "ROLE_USER");
insert into authorities(username, authority) values ("email11@dms.com", "ROLE_USER");
insert into authorities(username, authority) values ("email12@dms.com", "ROLE_USER");
insert into authorities(username, authority) values ("email13@dms.com", "ROLE_USER");
